{
    "$schema": "http://schema.management.azure.com/schemas/2015-01-01/deploymentTemplate.json#",
    "contentVersion": "1.0.0.0",
    "parameters": {
        "factoryName": {
            "type": "string",
            "metadata": "Data Factory name",
            "defaultValue": "covid-reporting-adf-vijay"
        },
        "tr_ingest_population_data_properties_typeProperties_scope": {
            "type": "string",
            "defaultValue": "/subscriptions/f4044403-9f31-4882-9400-88a96284392d/resourceGroups/covid-reporting-rg/providers/Microsoft.Storage/storageAccounts/covidreportingsa18"
        }
    },
    "variables": {
        "factoryId": "[concat('Microsoft.DataFactory/factories/', parameters('factoryName'))]"
    },
    "resources": [
        {
            "name": "[concat(parameters('factoryName'), '/df_transform_cases_deaths')]",
            "type": "Microsoft.DataFactory/factories/dataflows",
            "apiVersion": "2018-06-01",
            "properties": {
                "type": "MappingDataFlow",
                "typeProperties": {
                    "sources": [
                        {
                            "dataset": {
                                "referenceName": "ds_raw_cases_and_deaths",
                                "type": "DatasetReference"
                            },
                            "name": "casesanddeathsource"
                        },
                        {
                            "dataset": {
                                "referenceName": "ds_country_lookup",
                                "type": "DatasetReference"
                            },
                            "name": "CountryLookup"
                        }
                    ],
                    "sinks": [
                        {
                            "dataset": {
                                "referenceName": "ds_processed_cases_and_deaths",
                                "type": "DatasetReference"
                            },
                            "name": "CaseAndDeathsSink"
                        }
                    ],
                    "transformations": [
                        {
                            "name": "FilterEuropeOnly"
                        },
                        {
                            "name": "SelectOnlyRequiredFields"
                        },
                        {
                            "name": "PivotCounts"
                        },
                        {
                            "name": "LookupCountry"
                        },
                        {
                            "name": "SelectForSink"
                        }
                    ],
                    "script": "source(output(\n\t\tcountry as string,\n\t\tcountry_code as string,\n\t\tcontinent as string,\n\t\tpopulation as integer,\n\t\tindicator as string,\n\t\tdaily_count as integer,\n\t\tdate as date,\n\t\trate_14_day as double,\n\t\tsource as string\n\t),\n\tallowSchemaDrift: true,\n\tvalidateSchema: false,\n\tignoreNoFilesFound: false) ~> casesanddeathsource\nsource(output(\n\t\tcountry as string,\n\t\tcountry_code_2_digit as string,\n\t\tcountry_code_3_digit as string,\n\t\tcontinent as string,\n\t\tpopulation as integer\n\t),\n\tallowSchemaDrift: true,\n\tvalidateSchema: false,\n\tignoreNoFilesFound: false) ~> CountryLookup\ncasesanddeathsource filter(continent=='Europe' && not(isNull(country_code))) ~> FilterEuropeOnly\nFilterEuropeOnly select(mapColumn(\n\t\tcountry,\n\t\tcountry_code,\n\t\tpopulation,\n\t\tindicator,\n\t\tdaily_count,\n\t\tsource,\n\t\teach(match(name=='date'),\n\t\t\t'reported'+'_date' = $$)\n\t),\n\tskipDuplicateMapInputs: false,\n\tskipDuplicateMapOutputs: false) ~> SelectOnlyRequiredFields\nSelectOnlyRequiredFields pivot(groupBy(country,\n\t\tcountry_code,\n\t\tpopulation,\n\t\tsource,\n\t\treported_date),\n\tpivotBy(indicator, ['confirmed cases', 'deaths']),\n\tcount = sum(daily_count),\n\tcolumnNaming: '$V_$N',\n\tlateral: true) ~> PivotCounts\nPivotCounts, CountryLookup lookup(PivotCounts@country == CountryLookup@country,\n\tmultiple: false,\n\tpickup: 'any',\n\tbroadcast: 'auto')~> LookupCountry\nLookupCountry select(mapColumn(\n\t\tcountry = PivotCounts@country,\n\t\tcountry_code_2_digit,\n\t\tcountry_code_3_digit,\n\t\tpopulation = PivotCounts@population,\n\t\tcases_count = {confirmed cases_count},\n\t\tdeaths_count,\n\t\treported_date,\n\t\tsource\n\t),\n\tskipDuplicateMapInputs: true,\n\tskipDuplicateMapOutputs: true) ~> SelectForSink\nSelectForSink sink(allowSchemaDrift: true,\n\tvalidateSchema: false,\n\ttruncate: true,\n\tumask: 0022,\n\tpreCommands: [],\n\tpostCommands: [],\n\tskipDuplicateMapInputs: true,\n\tskipDuplicateMapOutputs: true) ~> CaseAndDeathsSink"
                }
            },
            "dependsOn": []
        },
        {
            "name": "[concat(parameters('factoryName'), '/df_transform_hospital_admissions')]",
            "type": "Microsoft.DataFactory/factories/dataflows",
            "apiVersion": "2018-06-01",
            "properties": {
                "type": "MappingDataFlow",
                "typeProperties": {
                    "sources": [
                        {
                            "dataset": {
                                "referenceName": "ds_raw_hospital_admissions",
                                "type": "DatasetReference"
                            },
                            "name": "HospitalAdmissionsSource"
                        },
                        {
                            "dataset": {
                                "referenceName": "ds_country_lookup",
                                "type": "DatasetReference"
                            },
                            "name": "CountryLookup"
                        },
                        {
                            "dataset": {
                                "referenceName": "ds_lookup_dimdate",
                                "type": "DatasetReference"
                            },
                            "name": "DimDateSource"
                        }
                    ],
                    "sinks": [
                        {
                            "dataset": {
                                "referenceName": "ds_processed_hospital_admissions",
                                "type": "DatasetReference"
                            },
                            "name": "sinkWeekly"
                        },
                        {
                            "dataset": {
                                "referenceName": "ds_processed_hospital_admissions_daily",
                                "type": "DatasetReference"
                            },
                            "name": "sinkDaily"
                        }
                    ],
                    "transformations": [
                        {
                            "name": "HospitalAdmissionsSelect"
                        },
                        {
                            "name": "LookupHospitalAdmissions"
                        },
                        {
                            "name": "HospitalAdmissionsSelect1"
                        },
                        {
                            "name": "SplitDailyFromWeekly"
                        },
                        {
                            "name": "DerivedYearWeek"
                        },
                        {
                            "name": "AggDimDate"
                        },
                        {
                            "name": "JoinWithDate"
                        },
                        {
                            "name": "PivotHospitalOccupancyCountWeekly"
                        },
                        {
                            "name": "PivotDaily"
                        },
                        {
                            "name": "SortWeekly"
                        },
                        {
                            "name": "SortDaily"
                        },
                        {
                            "name": "SelectFinalWeekly"
                        },
                        {
                            "name": "SelectFinalDaily"
                        }
                    ],
                    "script": "source(output(\n\t\tcountry as string,\n\t\tindicator as string,\n\t\tdate as date,\n\t\tyear_week as string,\n\t\tvalue as double,\n\t\tsource as string,\n\t\turl as string\n\t),\n\tallowSchemaDrift: true,\n\tvalidateSchema: false,\n\tignoreNoFilesFound: false) ~> HospitalAdmissionsSource\nsource(output(\n\t\tcountry as string,\n\t\tcountry_code_2_digit as string,\n\t\tcountry_code_3_digit as string,\n\t\tcontinent as string,\n\t\tpopulation as integer\n\t),\n\tallowSchemaDrift: true,\n\tvalidateSchema: false,\n\tignoreNoFilesFound: false) ~> CountryLookup\nsource(output(\n\t\tdate_key as string,\n\t\tdate as string,\n\t\tyear as string,\n\t\tmonth as string,\n\t\tday as string,\n\t\tday_name as string,\n\t\tday_of_year as string,\n\t\tweek_of_month as string,\n\t\tweek_of_year as string,\n\t\tmonth_name as string,\n\t\tyear_month as string,\n\t\tyear_week as string\n\t),\n\tallowSchemaDrift: true,\n\tvalidateSchema: false,\n\tignoreNoFilesFound: false) ~> DimDateSource\nHospitalAdmissionsSource select(mapColumn(\n\t\tcountry,\n\t\tindicator,\n\t\treported_date = date,\n\t\treported_year_week = year_week,\n\t\tvalue,\n\t\tsource\n\t),\n\tskipDuplicateMapInputs: true,\n\tskipDuplicateMapOutputs: true) ~> HospitalAdmissionsSelect\nHospitalAdmissionsSelect, CountryLookup lookup(HospitalAdmissionsSelect@country == CountryLookup@country,\n\tmultiple: false,\n\tpickup: 'any',\n\tbroadcast: 'auto')~> LookupHospitalAdmissions\nLookupHospitalAdmissions select(mapColumn(\n\t\tcountry = HospitalAdmissionsSelect@country,\n\t\tindicator,\n\t\treported_date,\n\t\treported_year_week,\n\t\tvalue,\n\t\tsource,\n\t\tcountry = CountryLookup@country,\n\t\tcountry_code_2_digit,\n\t\tcountry_code_3_digit,\n\t\tpopulation\n\t),\n\tskipDuplicateMapInputs: true,\n\tskipDuplicateMapOutputs: true) ~> HospitalAdmissionsSelect1\nHospitalAdmissionsSelect1 split(indicator == 'Weekly new hospital admissions per 100k' || indicator == 'Weekly new ICU admissions per 100k',\n\tdisjoint: false) ~> SplitDailyFromWeekly@(Weekly, Daily)\nDimDateSource derive(ecdc_year_week = year + '-W' + lpad(week_of_year, 2, '0')) ~> DerivedYearWeek\nDerivedYearWeek aggregate(groupBy(ecdc_year_week),\n\tweek_start_date = min(date),\n\t\tweek_end_date = max(date)) ~> AggDimDate\nSplitDailyFromWeekly@Weekly, AggDimDate join(reported_year_week == ecdc_year_week,\n\tjoinType:'inner',\n\tbroadcast: 'auto')~> JoinWithDate\nJoinWithDate pivot(groupBy(country,\n\t\tcountry_code_2_digit,\n\t\tcountry_code_3_digit,\n\t\tpopulation,\n\t\treported_year_week,\n\t\tweek_start_date,\n\t\tweek_end_date,\n\t\tsource),\n\tpivotBy(indicator, ['Weekly new hospital admissions per 100k', 'Weekly new ICU admissions per 100k']),\n\tcount = sum(value),\n\tcolumnNaming: '$V_$N',\n\tlateral: true) ~> PivotHospitalOccupancyCountWeekly\nSplitDailyFromWeekly@Daily pivot(groupBy(country,\n\t\tcountry_code_2_digit,\n\t\tcountry_code_3_digit,\n\t\tpopulation,\n\t\treported_date,\n\t\tsource),\n\tpivotBy(indicator, ['Daily hospital occupancy', 'Daily ICU occupancy']),\n\tcount = sum(value),\n\tcolumnNaming: '$V_$N',\n\tlateral: true) ~> PivotDaily\nPivotHospitalOccupancyCountWeekly sort(asc(country, true),\n\tdesc(reported_year_week, true)) ~> SortWeekly\nPivotDaily sort(desc(reported_date, true),\n\tasc(country, true)) ~> SortDaily\nSortWeekly select(mapColumn(\n\t\tcountry,\n\t\tcountry_code_2_digit,\n\t\tcountry_code_3_digit,\n\t\tpopulation,\n\t\treported_year_week,\n\t\treported_week_start_date = week_start_date,\n\t\treported_week_end_date = week_end_date,\n\t\tnew_hospital_occupancy_count = {Weekly new hospital admissions per 100k_count},\n\t\tnew_icu_occupancy_count = {Weekly new ICU admissions per 100k_count},\n\t\tsource\n\t),\n\tskipDuplicateMapInputs: true,\n\tskipDuplicateMapOutputs: true) ~> SelectFinalWeekly\nSortDaily select(mapColumn(\n\t\tcountry,\n\t\tcountry_code_2_digit,\n\t\tcountry_code_3_digit,\n\t\tpopulation,\n\t\treported_date,\n\t\thospital_occupancy_count = {Daily hospital occupancy_count},\n\t\ticu_occupancy_count = {Daily ICU occupancy_count},\n\t\tsource\n\t),\n\tskipDuplicateMapInputs: true,\n\tskipDuplicateMapOutputs: true) ~> SelectFinalDaily\nSelectFinalWeekly sink(allowSchemaDrift: true,\n\tvalidateSchema: false,\n\ttruncate: true,\n\tumask: 0022,\n\tpreCommands: [],\n\tpostCommands: [],\n\tskipDuplicateMapInputs: true,\n\tskipDuplicateMapOutputs: true) ~> sinkWeekly\nSelectFinalDaily sink(allowSchemaDrift: true,\n\tvalidateSchema: false,\n\ttruncate: true,\n\tumask: 0022,\n\tpreCommands: [],\n\tpostCommands: [],\n\tskipDuplicateMapInputs: true,\n\tskipDuplicateMapOutputs: true) ~> sinkDaily"
                }
            },
            "dependsOn": []
        },
        {
            "name": "[concat(parameters('factoryName'), '/pl_process_cases_and_deaths')]",
            "type": "Microsoft.DataFactory/factories/pipelines",
            "apiVersion": "2018-06-01",
            "properties": {
                "activities": [
                    {
                        "name": "df_transform_cases_deaths",
                        "type": "ExecuteDataFlow",
                        "dependsOn": [],
                        "policy": {
                            "timeout": "1.00:00:00",
                            "retry": 0,
                            "retryIntervalInSeconds": 30,
                            "secureOutput": false,
                            "secureInput": false
                        },
                        "userProperties": [],
                        "typeProperties": {
                            "dataflow": {
                                "referenceName": "df_transform_cases_deaths",
                                "type": "DataFlowReference",
                                "parameters": {},
                                "datasetParameters": {
                                    "casesanddeathsource": {},
                                    "CountryLookup": {},
                                    "CaseAndDeathsSink": {}
                                }
                            },
                            "staging": {},
                            "compute": {
                                "coreCount": 8,
                                "computeType": "General"
                            },
                            "traceLevel": "Fine"
                        }
                    }
                ],
                "policy": {
                    "elapsedTimeMetric": {},
                    "cancelAfter": {}
                },
                "annotations": [],
                "lastPublishTime": "2021-11-27T20:26:09Z"
            },
            "dependsOn": [
                "[concat(variables('factoryId'), '/dataflows/df_transform_cases_deaths')]"
            ]
        },
        {
            "name": "[concat(parameters('factoryName'), '/pl_process_hospital_admissions')]",
            "type": "Microsoft.DataFactory/factories/pipelines",
            "apiVersion": "2018-06-01",
            "properties": {
                "activities": [
                    {
                        "name": "df_transform_hospital_admissions",
                        "type": "ExecuteDataFlow",
                        "dependsOn": [],
                        "policy": {
                            "timeout": "1.00:00:00",
                            "retry": 0,
                            "retryIntervalInSeconds": 30,
                            "secureOutput": false,
                            "secureInput": false
                        },
                        "userProperties": [],
                        "typeProperties": {
                            "dataflow": {
                                "referenceName": "df_transform_hospital_admissions",
                                "type": "DataFlowReference",
                                "parameters": {},
                                "datasetParameters": {
                                    "HospitalAdmissionsSource": {},
                                    "CountryLookup": {},
                                    "DimDateSource": {},
                                    "sinkWeekly": {},
                                    "sinkDaily": {}
                                }
                            },
                            "staging": {},
                            "compute": {
                                "coreCount": 8,
                                "computeType": "General"
                            },
                            "traceLevel": "Fine"
                        }
                    }
                ],
                "policy": {
                    "elapsedTimeMetric": {},
                    "cancelAfter": {}
                },
                "annotations": [],
                "lastPublishTime": "2021-11-28T13:23:21Z"
            },
            "dependsOn": [
                "[concat(variables('factoryId'), '/dataflows/df_transform_hospital_admissions')]"
            ]
        },
        {
            "name": "[concat(parameters('factoryName'), '/tr_ingest_population_data')]",
            "type": "Microsoft.DataFactory/factories/triggers",
            "apiVersion": "2018-06-01",
            "properties": {
                "annotations": [],
                "runtimeState": "Started",
                "pipelines": [
                    {
                        "pipelineReference": {
                            "referenceName": "pl_ingest_population_data",
                            "type": "PipelineReference"
                        },
                        "parameters": {}
                    }
                ],
                "type": "BlobEventsTrigger",
                "typeProperties": {
                    "blobPathBeginsWith": "/population/blobs/population_by_age.tsv.gz",
                    "ignoreEmptyBlobs": true,
                    "scope": "[parameters('tr_ingest_population_data_properties_typeProperties_scope')]",
                    "events": [
                        "Microsoft.Storage.BlobCreated"
                    ]
                }
            },
            "dependsOn": []
        },
        {
            "name": "[concat(parameters('factoryName'), '/tr_ingest_ecdc_data')]",
            "type": "Microsoft.DataFactory/factories/triggers",
            "apiVersion": "2018-06-01",
            "properties": {
                "annotations": [],
                "runtimeState": "Started",
                "pipelines": [
                    {
                        "pipelineReference": {
                            "referenceName": "pl_ingest_ecdc_data",
                            "type": "PipelineReference"
                        },
                        "parameters": {}
                    }
                ],
                "type": "ScheduleTrigger",
                "typeProperties": {
                    "recurrence": {
                        "frequency": "Day",
                        "interval": 1,
                        "startTime": "2021-11-27T23:27:00",
                        "endTime": "2021-11-28T16:44:00",
                        "timeZone": "India Standard Time",
                        "schedule": {}
                    }
                }
            },
            "dependsOn": []
        }
    ]
}