{
    "$schema": "http://schema.management.azure.com/schemas/2015-01-01/deploymentTemplate.json#",
    "contentVersion": "1.0.0.0",
    "parameters": {
        "factoryName": {
            "type": "string",
            "metadata": "Data Factory name",
            "defaultValue": "covid-reporting-adf-vijay"
        },
        "ls_ablob_covidreportingsa18_connectionString": {
            "type": "secureString",
            "metadata": "Secure string for 'connectionString' of 'ls_ablob_covidreportingsa18'"
        },
        "ls_adls_covidreportingdlsa18_accountKey": {
            "type": "secureString",
            "metadata": "Secure string for 'accountKey' of 'ls_adls_covidreportingdlsa18'"
        },
        "ls_azure_sql_covid_db_connectionString": {
            "type": "secureString",
            "metadata": "Secure string for 'connectionString' of 'ls_azure_sql_covid_db'"
        },
        "ls_adls_covidreportingdlsa18_properties_typeProperties_url": {
            "type": "string",
            "defaultValue": "https://covidreportingdlsa18.dfs.core.windows.net/"
        },
        "ls_http_opendata_ecdc_europe_properties_typeProperties_url": {
            "type": "string",
            "defaultValue": "@{linkedService().sourceBaseURL}"
        },
        "tr_ingest_population_data_properties_typeProperties_scope": {
            "type": "string",
            "defaultValue": "/subscriptions/f4044403-9f31-4882-9400-88a96284392d/resourceGroups/covid-reporting-rg/providers/Microsoft.Storage/storageAccounts/covidreportingsa18"
        }
    },
    "variables": {
        "factoryId": "[concat('Microsoft.DataFactory/factories/', parameters('factoryName'))]"
    },
    "resources": [
        {
            "name": "[concat(parameters('factoryName'), '/ls_ablob_covidreportingsa18')]",
            "type": "Microsoft.DataFactory/factories/linkedServices",
            "apiVersion": "2018-06-01",
            "properties": {
                "annotations": [],
                "type": "AzureBlobStorage",
                "typeProperties": {
                    "connectionString": "[parameters('ls_ablob_covidreportingsa18_connectionString')]"
                }
            },
            "dependsOn": []
        },
        {
            "name": "[concat(parameters('factoryName'), '/ls_adls_covidreportingdlsa18')]",
            "type": "Microsoft.DataFactory/factories/linkedServices",
            "apiVersion": "2018-06-01",
            "properties": {
                "annotations": [],
                "type": "AzureBlobFS",
                "typeProperties": {
                    "url": "[parameters('ls_adls_covidreportingdlsa18_properties_typeProperties_url')]",
                    "accountKey": {
                        "type": "SecureString",
                        "value": "[parameters('ls_adls_covidreportingdlsa18_accountKey')]"
                    }
                }
            },
            "dependsOn": []
        },
        {
            "name": "[concat(parameters('factoryName'), '/ls_http_opendata_ecdc_europe')]",
            "type": "Microsoft.DataFactory/factories/linkedServices",
            "apiVersion": "2018-06-01",
            "properties": {
                "parameters": {
                    "sourceBaseURL": {
                        "type": "string"
                    }
                },
                "annotations": [],
                "type": "HttpServer",
                "typeProperties": {
                    "url": "[parameters('ls_http_opendata_ecdc_europe_properties_typeProperties_url')]",
                    "enableServerCertificateValidation": true,
                    "authenticationType": "Anonymous"
                }
            },
            "dependsOn": []
        },
        {
            "name": "[concat(parameters('factoryName'), '/ls_azure_sql_covid_db')]",
            "type": "Microsoft.DataFactory/factories/linkedServices",
            "apiVersion": "2018-06-01",
            "properties": {
                "annotations": [],
                "type": "AzureSqlDatabase",
                "typeProperties": {
                    "connectionString": "[parameters('ls_azure_sql_covid_db_connectionString')]"
                }
            },
            "dependsOn": []
        },
        {
            "name": "[concat(parameters('factoryName'), '/pl_ingest_population_data')]",
            "type": "Microsoft.DataFactory/factories/pipelines",
            "apiVersion": "2018-06-01",
            "properties": {
                "activities": [
                    {
                        "name": "Check if file exists",
                        "type": "Validation",
                        "dependsOn": [],
                        "userProperties": [],
                        "typeProperties": {
                            "dataset": {
                                "referenceName": "ds_population_raw_gz",
                                "type": "DatasetReference",
                                "parameters": {}
                            },
                            "timeout": "0.00:02:00",
                            "sleep": 10,
                            "minimumSize": 1024
                        }
                    },
                    {
                        "name": "Get File Metadata",
                        "type": "GetMetadata",
                        "dependsOn": [
                            {
                                "activity": "Check if file exists",
                                "dependencyConditions": [
                                    "Succeeded"
                                ]
                            }
                        ],
                        "policy": {
                            "timeout": "7.00:00:00",
                            "retry": 0,
                            "retryIntervalInSeconds": 30,
                            "secureOutput": false,
                            "secureInput": false
                        },
                        "userProperties": [],
                        "typeProperties": {
                            "dataset": {
                                "referenceName": "ds_population_raw_gz",
                                "type": "DatasetReference",
                                "parameters": {}
                            },
                            "fieldList": [
                                "exists",
                                "columnCount",
                                "size"
                            ],
                            "storeSettings": {
                                "type": "AzureBlobStorageReadSettings",
                                "recursive": true,
                                "enablePartitionDiscovery": false
                            },
                            "formatSettings": {
                                "type": "DelimitedTextReadSettings"
                            }
                        }
                    },
                    {
                        "name": "If column count matches",
                        "type": "IfCondition",
                        "dependsOn": [
                            {
                                "activity": "Get File Metadata",
                                "dependencyConditions": [
                                    "Succeeded"
                                ]
                            }
                        ],
                        "userProperties": [],
                        "typeProperties": {
                            "expression": {
                                "value": "@equals(activity('Get File Metadata').output.columnCount, 13)",
                                "type": "Expression"
                            },
                            "ifFalseActivities": [
                                {
                                    "name": "Send Email",
                                    "type": "WebActivity",
                                    "dependsOn": [],
                                    "policy": {
                                        "timeout": "7.00:00:00",
                                        "retry": 0,
                                        "retryIntervalInSeconds": 30,
                                        "secureOutput": false,
                                        "secureInput": false
                                    },
                                    "userProperties": [],
                                    "typeProperties": {
                                        "url": "http://filetransfer",
                                        "method": "POST",
                                        "headers": {},
                                        "body": "dummy"
                                    }
                                }
                            ],
                            "ifTrueActivities": [
                                {
                                    "name": "Copy Population Data_copy1",
                                    "type": "Copy",
                                    "dependsOn": [],
                                    "policy": {
                                        "timeout": "0.00:05:00",
                                        "retry": 0,
                                        "retryIntervalInSeconds": 30,
                                        "secureOutput": false,
                                        "secureInput": false
                                    },
                                    "userProperties": [],
                                    "typeProperties": {
                                        "source": {
                                            "type": "DelimitedTextSource",
                                            "storeSettings": {
                                                "type": "AzureBlobStorageReadSettings",
                                                "recursive": true,
                                                "enablePartitionDiscovery": false
                                            },
                                            "formatSettings": {
                                                "type": "DelimitedTextReadSettings"
                                            }
                                        },
                                        "sink": {
                                            "type": "DelimitedTextSink",
                                            "storeSettings": {
                                                "type": "AzureBlobFSWriteSettings"
                                            },
                                            "formatSettings": {
                                                "type": "DelimitedTextWriteSettings",
                                                "quoteAllText": true,
                                                "fileExtension": ".txt"
                                            }
                                        },
                                        "enableStaging": false,
                                        "translator": {
                                            "type": "TabularTranslator",
                                            "typeConversion": true,
                                            "typeConversionSettings": {
                                                "allowDataTruncation": true,
                                                "treatBooleanAsNumber": false
                                            }
                                        }
                                    },
                                    "inputs": [
                                        {
                                            "referenceName": "ds_population_raw_gz",
                                            "type": "DatasetReference",
                                            "parameters": {}
                                        }
                                    ],
                                    "outputs": [
                                        {
                                            "referenceName": "ds_population_raw_tsv",
                                            "type": "DatasetReference",
                                            "parameters": {}
                                        }
                                    ]
                                },
                                {
                                    "name": "Delete Source File",
                                    "type": "Delete",
                                    "dependsOn": [
                                        {
                                            "activity": "Copy Population Data_copy1",
                                            "dependencyConditions": [
                                                "Succeeded"
                                            ]
                                        }
                                    ],
                                    "policy": {
                                        "timeout": "7.00:00:00",
                                        "retry": 0,
                                        "retryIntervalInSeconds": 30,
                                        "secureOutput": false,
                                        "secureInput": false
                                    },
                                    "userProperties": [],
                                    "typeProperties": {
                                        "dataset": {
                                            "referenceName": "ds_population_raw_gz",
                                            "type": "DatasetReference",
                                            "parameters": {}
                                        },
                                        "enableLogging": false,
                                        "storeSettings": {
                                            "type": "AzureBlobStorageReadSettings",
                                            "recursive": true,
                                            "enablePartitionDiscovery": false
                                        }
                                    }
                                }
                            ]
                        }
                    }
                ],
                "concurrency": 1,
                "policy": {
                    "elapsedTimeMetric": {},
                    "cancelAfter": {}
                },
                "annotations": [],
                "lastPublishTime": "2021-11-27T11:18:52Z"
            },
            "dependsOn": [
                "[concat(variables('factoryId'), '/datasets/ds_population_raw_gz')]",
                "[concat(variables('factoryId'), '/datasets/ds_population_raw_tsv')]"
            ]
        },
        {
            "name": "[concat(parameters('factoryName'), '/pl_ingest_ecdc_data')]",
            "type": "Microsoft.DataFactory/factories/pipelines",
            "apiVersion": "2018-06-01",
            "properties": {
                "activities": [
                    {
                        "name": "Lookup ECDC File List",
                        "type": "Lookup",
                        "dependsOn": [],
                        "policy": {
                            "timeout": "7.00:00:00",
                            "retry": 0,
                            "retryIntervalInSeconds": 30,
                            "secureOutput": false,
                            "secureInput": false
                        },
                        "userProperties": [],
                        "typeProperties": {
                            "source": {
                                "type": "JsonSource",
                                "storeSettings": {
                                    "type": "AzureBlobStorageReadSettings",
                                    "recursive": true,
                                    "enablePartitionDiscovery": false
                                },
                                "formatSettings": {
                                    "type": "JsonReadSettings"
                                }
                            },
                            "dataset": {
                                "referenceName": "ds_ecdc_file_list",
                                "type": "DatasetReference",
                                "parameters": {}
                            },
                            "firstRowOnly": false
                        }
                    },
                    {
                        "name": "Execute Copy for every record",
                        "type": "ForEach",
                        "dependsOn": [
                            {
                                "activity": "Lookup ECDC File List",
                                "dependencyConditions": [
                                    "Succeeded"
                                ]
                            }
                        ],
                        "userProperties": [],
                        "typeProperties": {
                            "items": {
                                "value": "@activity('Lookup ECDC File List').output.value",
                                "type": "Expression"
                            },
                            "isSequential": false,
                            "activities": [
                                {
                                    "name": "Copy ECDC Data",
                                    "type": "Copy",
                                    "dependsOn": [],
                                    "policy": {
                                        "timeout": "7.00:00:00",
                                        "retry": 0,
                                        "retryIntervalInSeconds": 30,
                                        "secureOutput": false,
                                        "secureInput": false
                                    },
                                    "userProperties": [],
                                    "typeProperties": {
                                        "source": {
                                            "type": "DelimitedTextSource",
                                            "storeSettings": {
                                                "type": "HttpReadSettings",
                                                "requestMethod": "GET"
                                            },
                                            "formatSettings": {
                                                "type": "DelimitedTextReadSettings"
                                            }
                                        },
                                        "sink": {
                                            "type": "DelimitedTextSink",
                                            "storeSettings": {
                                                "type": "AzureBlobFSWriteSettings"
                                            },
                                            "formatSettings": {
                                                "type": "DelimitedTextWriteSettings",
                                                "quoteAllText": true,
                                                "fileExtension": ".txt"
                                            }
                                        },
                                        "enableStaging": false,
                                        "translator": {
                                            "type": "TabularTranslator",
                                            "typeConversion": true,
                                            "typeConversionSettings": {
                                                "allowDataTruncation": true,
                                                "treatBooleanAsNumber": false
                                            }
                                        }
                                    },
                                    "inputs": [
                                        {
                                            "referenceName": "ds_ecdc_raw_csv_http",
                                            "type": "DatasetReference",
                                            "parameters": {
                                                "relativeURL": {
                                                    "value": "@item().sourceRelativeURL",
                                                    "type": "Expression"
                                                },
                                                "baseURL": {
                                                    "value": "@item().sourceBaseURL",
                                                    "type": "Expression"
                                                }
                                            }
                                        }
                                    ],
                                    "outputs": [
                                        {
                                            "referenceName": "ds_ecdc_raw_csv_dl",
                                            "type": "DatasetReference",
                                            "parameters": {
                                                "fileName": {
                                                    "value": "@item().sinkFileName",
                                                    "type": "Expression"
                                                }
                                            }
                                        }
                                    ]
                                }
                            ]
                        }
                    }
                ],
                "concurrency": 1,
                "policy": {
                    "elapsedTimeMetric": {},
                    "cancelAfter": {}
                },
                "annotations": [],
                "lastPublishTime": "2021-11-27T17:47:16Z"
            },
            "dependsOn": [
                "[concat(variables('factoryId'), '/datasets/ds_ecdc_file_list')]",
                "[concat(variables('factoryId'), '/datasets/ds_ecdc_raw_csv_http')]",
                "[concat(variables('factoryId'), '/datasets/ds_ecdc_raw_csv_dl')]"
            ]
        },
        {
            "name": "[concat(parameters('factoryName'), '/pl_process_cases_and_deaths')]",
            "type": "Microsoft.DataFactory/factories/pipelines",
            "apiVersion": "2018-06-01",
            "properties": {
                "activities": [
                    {
                        "name": "df_transform_cases_deaths",
                        "type": "ExecuteDataFlow",
                        "dependsOn": [],
                        "policy": {
                            "timeout": "1.00:00:00",
                            "retry": 0,
                            "retryIntervalInSeconds": 30,
                            "secureOutput": false,
                            "secureInput": false
                        },
                        "userProperties": [],
                        "typeProperties": {
                            "dataflow": {
                                "referenceName": "df_transform_cases_deaths",
                                "type": "DataFlowReference",
                                "parameters": {},
                                "datasetParameters": {
                                    "casesanddeathsource": {},
                                    "CountryLookup": {},
                                    "CaseAndDeathsSink": {}
                                }
                            },
                            "staging": {},
                            "compute": {
                                "coreCount": 8,
                                "computeType": "General"
                            },
                            "traceLevel": "Fine"
                        }
                    }
                ],
                "policy": {
                    "elapsedTimeMetric": {},
                    "cancelAfter": {}
                },
                "annotations": [],
                "lastPublishTime": "2021-11-27T20:26:09Z"
            },
            "dependsOn": [
                "[concat(variables('factoryId'), '/dataflows/df_transform_cases_deaths')]"
            ]
        },
        {
            "name": "[concat(parameters('factoryName'), '/pl_process_hospital_admissions')]",
            "type": "Microsoft.DataFactory/factories/pipelines",
            "apiVersion": "2018-06-01",
            "properties": {
                "activities": [
                    {
                        "name": "df_transform_hospital_admissions",
                        "type": "ExecuteDataFlow",
                        "dependsOn": [],
                        "policy": {
                            "timeout": "1.00:00:00",
                            "retry": 0,
                            "retryIntervalInSeconds": 30,
                            "secureOutput": false,
                            "secureInput": false
                        },
                        "userProperties": [],
                        "typeProperties": {
                            "dataflow": {
                                "referenceName": "df_transform_hospital_admissions",
                                "type": "DataFlowReference",
                                "parameters": {},
                                "datasetParameters": {
                                    "HospitalAdmissionsSource": {},
                                    "CountryLookup": {},
                                    "DimDateSource": {},
                                    "sinkWeekly": {},
                                    "sinkDaily": {}
                                }
                            },
                            "staging": {},
                            "compute": {
                                "coreCount": 8,
                                "computeType": "General"
                            },
                            "traceLevel": "Fine"
                        }
                    }
                ],
                "policy": {
                    "elapsedTimeMetric": {},
                    "cancelAfter": {}
                },
                "annotations": [],
                "lastPublishTime": "2021-11-28T13:23:21Z"
            },
            "dependsOn": [
                "[concat(variables('factoryId'), '/dataflows/df_transform_hospital_admissions')]"
            ]
        },
        {
            "name": "[concat(parameters('factoryName'), '/pl_sql_cases_deaths')]",
            "type": "Microsoft.DataFactory/factories/pipelines",
            "apiVersion": "2018-06-01",
            "properties": {
                "activities": [
                    {
                        "name": "Copy Cases and Deaths to SQL",
                        "type": "Copy",
                        "dependsOn": [],
                        "policy": {
                            "timeout": "7.00:00:00",
                            "retry": 0,
                            "retryIntervalInSeconds": 30,
                            "secureOutput": false,
                            "secureInput": false
                        },
                        "userProperties": [],
                        "typeProperties": {
                            "source": {
                                "type": "DelimitedTextSource",
                                "storeSettings": {
                                    "type": "AzureBlobFSReadSettings",
                                    "recursive": true,
                                    "wildcardFileName": "*",
                                    "enablePartitionDiscovery": false
                                },
                                "formatSettings": {
                                    "type": "DelimitedTextReadSettings"
                                }
                            },
                            "sink": {
                                "type": "AzureSqlSink",
                                "preCopyScript": "TRUNCATE TABLE \ncovid_reporting.cases_and_deaths",
                                "disableMetricsCollection": false
                            },
                            "enableStaging": false,
                            "translator": {
                                "type": "TabularTranslator",
                                "typeConversion": true,
                                "typeConversionSettings": {
                                    "allowDataTruncation": true,
                                    "treatBooleanAsNumber": false
                                }
                            }
                        },
                        "inputs": [
                            {
                                "referenceName": "ds_processed_cases_and_deaths",
                                "type": "DatasetReference",
                                "parameters": {}
                            }
                        ],
                        "outputs": [
                            {
                                "referenceName": "ls_azure_sql_cases_deaths",
                                "type": "DatasetReference",
                                "parameters": {}
                            }
                        ]
                    }
                ],
                "policy": {
                    "elapsedTimeMetric": {},
                    "cancelAfter": {}
                },
                "annotations": [],
                "lastPublishTime": "2021-11-28T18:43:21Z"
            },
            "dependsOn": [
                "[concat(variables('factoryId'), '/datasets/ds_processed_cases_and_deaths')]",
                "[concat(variables('factoryId'), '/datasets/ls_azure_sql_cases_deaths')]"
            ]
        },
        {
            "name": "[concat(parameters('factoryName'), '/tr_ingest_population_data')]",
            "type": "Microsoft.DataFactory/factories/triggers",
            "apiVersion": "2018-06-01",
            "properties": {
                "annotations": [],
                "runtimeState": "Started",
                "pipelines": [
                    {
                        "pipelineReference": {
                            "referenceName": "pl_ingest_population_data",
                            "type": "PipelineReference"
                        },
                        "parameters": {}
                    }
                ],
                "type": "BlobEventsTrigger",
                "typeProperties": {
                    "blobPathBeginsWith": "/population/blobs/population_by_age.tsv.gz",
                    "ignoreEmptyBlobs": true,
                    "scope": "[parameters('tr_ingest_population_data_properties_typeProperties_scope')]",
                    "events": [
                        "Microsoft.Storage.BlobCreated"
                    ]
                }
            },
            "dependsOn": [
                "[concat(variables('factoryId'), '/pipelines/pl_ingest_population_data')]"
            ]
        },
        {
            "name": "[concat(parameters('factoryName'), '/tr_ingest_ecdc_data')]",
            "type": "Microsoft.DataFactory/factories/triggers",
            "apiVersion": "2018-06-01",
            "properties": {
                "annotations": [],
                "runtimeState": "Started",
                "pipelines": [
                    {
                        "pipelineReference": {
                            "referenceName": "pl_ingest_ecdc_data",
                            "type": "PipelineReference"
                        },
                        "parameters": {}
                    }
                ],
                "type": "ScheduleTrigger",
                "typeProperties": {
                    "recurrence": {
                        "frequency": "Day",
                        "interval": 1,
                        "startTime": "2021-11-27T23:27:00",
                        "endTime": "2021-11-28T16:44:00",
                        "timeZone": "India Standard Time",
                        "schedule": {}
                    }
                }
            },
            "dependsOn": [
                "[concat(variables('factoryId'), '/pipelines/pl_ingest_ecdc_data')]"
            ]
        },
        {
            "name": "[concat(parameters('factoryName'), '/ds_population_raw_tsv')]",
            "type": "Microsoft.DataFactory/factories/datasets",
            "apiVersion": "2018-06-01",
            "properties": {
                "linkedServiceName": {
                    "referenceName": "ls_adls_covidreportingdlsa18",
                    "type": "LinkedServiceReference"
                },
                "annotations": [],
                "type": "DelimitedText",
                "typeProperties": {
                    "location": {
                        "type": "AzureBlobFSLocation",
                        "fileName": "population_by_age.tsv",
                        "folderPath": "population",
                        "fileSystem": "raw"
                    },
                    "columnDelimiter": "\t",
                    "escapeChar": "\\",
                    "firstRowAsHeader": true,
                    "quoteChar": "\""
                },
                "schema": []
            },
            "dependsOn": [
                "[concat(variables('factoryId'), '/linkedServices/ls_adls_covidreportingdlsa18')]"
            ]
        },
        {
            "name": "[concat(parameters('factoryName'), '/ds_population_raw_gz')]",
            "type": "Microsoft.DataFactory/factories/datasets",
            "apiVersion": "2018-06-01",
            "properties": {
                "linkedServiceName": {
                    "referenceName": "ls_ablob_covidreportingsa18",
                    "type": "LinkedServiceReference"
                },
                "annotations": [],
                "type": "DelimitedText",
                "typeProperties": {
                    "location": {
                        "type": "AzureBlobStorageLocation",
                        "fileName": "population_by_age.tsv.gz",
                        "container": "population"
                    },
                    "columnDelimiter": "\t",
                    "compressionCodec": "gzip",
                    "compressionLevel": "Optimal",
                    "escapeChar": "\\",
                    "firstRowAsHeader": true,
                    "quoteChar": "\""
                },
                "schema": []
            },
            "dependsOn": [
                "[concat(variables('factoryId'), '/linkedServices/ls_ablob_covidreportingsa18')]"
            ]
        },
        {
            "name": "[concat(parameters('factoryName'), '/ds_ecdc_raw_csv_dl')]",
            "type": "Microsoft.DataFactory/factories/datasets",
            "apiVersion": "2018-06-01",
            "properties": {
                "linkedServiceName": {
                    "referenceName": "ls_adls_covidreportingdlsa18",
                    "type": "LinkedServiceReference"
                },
                "parameters": {
                    "fileName": {
                        "type": "string"
                    }
                },
                "annotations": [],
                "type": "DelimitedText",
                "typeProperties": {
                    "location": {
                        "type": "AzureBlobFSLocation",
                        "fileName": {
                            "value": "@dataset().fileName",
                            "type": "Expression"
                        },
                        "folderPath": "ecdc",
                        "fileSystem": "raw"
                    },
                    "columnDelimiter": ",",
                    "escapeChar": "\\",
                    "firstRowAsHeader": true,
                    "quoteChar": "\""
                },
                "schema": []
            },
            "dependsOn": [
                "[concat(variables('factoryId'), '/linkedServices/ls_adls_covidreportingdlsa18')]"
            ]
        },
        {
            "name": "[concat(parameters('factoryName'), '/ds_ecdc_raw_csv_http')]",
            "type": "Microsoft.DataFactory/factories/datasets",
            "apiVersion": "2018-06-01",
            "properties": {
                "linkedServiceName": {
                    "referenceName": "ls_http_opendata_ecdc_europe",
                    "type": "LinkedServiceReference",
                    "parameters": {
                        "sourceBaseURL": {
                            "value": "@dataset().baseURL",
                            "type": "Expression"
                        }
                    }
                },
                "parameters": {
                    "relativeURL": {
                        "type": "string"
                    },
                    "baseURL": {
                        "type": "string"
                    }
                },
                "annotations": [],
                "type": "DelimitedText",
                "typeProperties": {
                    "location": {
                        "type": "HttpServerLocation",
                        "relativeUrl": {
                            "value": "@dataset().relativeURL",
                            "type": "Expression"
                        }
                    },
                    "columnDelimiter": ",",
                    "escapeChar": "\\",
                    "firstRowAsHeader": true,
                    "quoteChar": "\""
                },
                "schema": []
            },
            "dependsOn": [
                "[concat(variables('factoryId'), '/linkedServices/ls_http_opendata_ecdc_europe')]"
            ]
        },
        {
            "name": "[concat(parameters('factoryName'), '/ds_ecdc_file_list')]",
            "type": "Microsoft.DataFactory/factories/datasets",
            "apiVersion": "2018-06-01",
            "properties": {
                "linkedServiceName": {
                    "referenceName": "ls_ablob_covidreportingsa18",
                    "type": "LinkedServiceReference"
                },
                "annotations": [],
                "type": "Json",
                "typeProperties": {
                    "location": {
                        "type": "AzureBlobStorageLocation",
                        "fileName": "ecdc_file_list.json",
                        "container": "configs"
                    }
                },
                "schema": {
                    "type": "object",
                    "properties": {
                        "sourceRelativeURL": {
                            "type": "string"
                        },
                        "sinkFileName": {
                            "type": "string"
                        }
                    }
                }
            },
            "dependsOn": [
                "[concat(variables('factoryId'), '/linkedServices/ls_ablob_covidreportingsa18')]"
            ]
        },
        {
            "name": "[concat(parameters('factoryName'), '/ds_country_lookup')]",
            "type": "Microsoft.DataFactory/factories/datasets",
            "apiVersion": "2018-06-01",
            "properties": {
                "linkedServiceName": {
                    "referenceName": "ls_adls_covidreportingdlsa18",
                    "type": "LinkedServiceReference"
                },
                "annotations": [],
                "type": "DelimitedText",
                "typeProperties": {
                    "location": {
                        "type": "AzureBlobFSLocation",
                        "fileName": "country_lookup.csv",
                        "folderPath": "dim_country",
                        "fileSystem": "lookup"
                    },
                    "columnDelimiter": ",",
                    "escapeChar": "\\",
                    "firstRowAsHeader": true,
                    "quoteChar": "\""
                },
                "schema": [
                    {
                        "name": "country",
                        "type": "String"
                    },
                    {
                        "name": "country_code_2_digit",
                        "type": "String"
                    },
                    {
                        "name": "country_code_3_digit",
                        "type": "String"
                    },
                    {
                        "name": "continent",
                        "type": "String"
                    },
                    {
                        "name": "population",
                        "type": "String"
                    }
                ]
            },
            "dependsOn": [
                "[concat(variables('factoryId'), '/linkedServices/ls_adls_covidreportingdlsa18')]"
            ]
        },
        {
            "name": "[concat(parameters('factoryName'), '/ds_processed_cases_and_deaths')]",
            "type": "Microsoft.DataFactory/factories/datasets",
            "apiVersion": "2018-06-01",
            "properties": {
                "linkedServiceName": {
                    "referenceName": "ls_adls_covidreportingdlsa18",
                    "type": "LinkedServiceReference"
                },
                "annotations": [],
                "type": "DelimitedText",
                "typeProperties": {
                    "location": {
                        "type": "AzureBlobFSLocation",
                        "folderPath": "ecdc/cases_deaths",
                        "fileSystem": "processed"
                    },
                    "columnDelimiter": ",",
                    "escapeChar": "\\",
                    "firstRowAsHeader": true,
                    "quoteChar": "\""
                },
                "schema": []
            },
            "dependsOn": [
                "[concat(variables('factoryId'), '/linkedServices/ls_adls_covidreportingdlsa18')]"
            ]
        },
        {
            "name": "[concat(parameters('factoryName'), '/ds_raw_cases_and_deaths')]",
            "type": "Microsoft.DataFactory/factories/datasets",
            "apiVersion": "2018-06-01",
            "properties": {
                "linkedServiceName": {
                    "referenceName": "ls_adls_covidreportingdlsa18",
                    "type": "LinkedServiceReference"
                },
                "annotations": [],
                "type": "DelimitedText",
                "typeProperties": {
                    "location": {
                        "type": "AzureBlobFSLocation",
                        "fileName": "cases_deaths.csv",
                        "folderPath": "ecdc/cases_deaths",
                        "fileSystem": "raw"
                    },
                    "columnDelimiter": ",",
                    "escapeChar": "\\",
                    "firstRowAsHeader": true,
                    "quoteChar": "\""
                },
                "schema": [
                    {
                        "name": "country",
                        "type": "String"
                    },
                    {
                        "name": "country_code",
                        "type": "String"
                    },
                    {
                        "name": "continent",
                        "type": "String"
                    },
                    {
                        "name": "population",
                        "type": "String"
                    },
                    {
                        "name": "indicator",
                        "type": "String"
                    },
                    {
                        "name": "daily_count",
                        "type": "String"
                    },
                    {
                        "name": "date",
                        "type": "String"
                    },
                    {
                        "name": "rate_14_day",
                        "type": "String"
                    },
                    {
                        "name": "source",
                        "type": "String"
                    }
                ]
            },
            "dependsOn": [
                "[concat(variables('factoryId'), '/linkedServices/ls_adls_covidreportingdlsa18')]"
            ]
        },
        {
            "name": "[concat(parameters('factoryName'), '/ds_raw_hospital_admissions')]",
            "type": "Microsoft.DataFactory/factories/datasets",
            "apiVersion": "2018-06-01",
            "properties": {
                "linkedServiceName": {
                    "referenceName": "ls_adls_covidreportingdlsa18",
                    "type": "LinkedServiceReference"
                },
                "annotations": [],
                "type": "DelimitedText",
                "typeProperties": {
                    "location": {
                        "type": "AzureBlobFSLocation",
                        "fileName": "hospital_admissions.csv",
                        "folderPath": "ecdc/hospital_admissions",
                        "fileSystem": "raw"
                    },
                    "columnDelimiter": ",",
                    "escapeChar": "\\",
                    "firstRowAsHeader": true,
                    "quoteChar": "\""
                },
                "schema": [
                    {
                        "name": "country",
                        "type": "String"
                    },
                    {
                        "name": "indicator",
                        "type": "String"
                    },
                    {
                        "name": "date",
                        "type": "String"
                    },
                    {
                        "name": "year_week",
                        "type": "String"
                    },
                    {
                        "name": "value",
                        "type": "String"
                    },
                    {
                        "name": "source",
                        "type": "String"
                    },
                    {
                        "name": "url",
                        "type": "String"
                    }
                ]
            },
            "dependsOn": [
                "[concat(variables('factoryId'), '/linkedServices/ls_adls_covidreportingdlsa18')]"
            ]
        },
        {
            "name": "[concat(parameters('factoryName'), '/ds_processed_hospital_admissions_daily')]",
            "type": "Microsoft.DataFactory/factories/datasets",
            "apiVersion": "2018-06-01",
            "properties": {
                "linkedServiceName": {
                    "referenceName": "ls_adls_covidreportingdlsa18",
                    "type": "LinkedServiceReference"
                },
                "annotations": [],
                "type": "DelimitedText",
                "typeProperties": {
                    "location": {
                        "type": "AzureBlobFSLocation",
                        "folderPath": "ecdc/hospital_admissions_daily",
                        "fileSystem": "processed"
                    },
                    "columnDelimiter": ",",
                    "escapeChar": "\\",
                    "firstRowAsHeader": true,
                    "quoteChar": "\""
                },
                "schema": []
            },
            "dependsOn": [
                "[concat(variables('factoryId'), '/linkedServices/ls_adls_covidreportingdlsa18')]"
            ]
        },
        {
            "name": "[concat(parameters('factoryName'), '/ds_lookup_dimdate')]",
            "type": "Microsoft.DataFactory/factories/datasets",
            "apiVersion": "2018-06-01",
            "properties": {
                "linkedServiceName": {
                    "referenceName": "ls_adls_covidreportingdlsa18",
                    "type": "LinkedServiceReference"
                },
                "annotations": [],
                "type": "DelimitedText",
                "typeProperties": {
                    "location": {
                        "type": "AzureBlobFSLocation",
                        "fileName": "dim_date.csv",
                        "folderPath": "dim_date",
                        "fileSystem": "lookup"
                    },
                    "columnDelimiter": ",",
                    "escapeChar": "\\",
                    "firstRowAsHeader": true,
                    "quoteChar": "\""
                },
                "schema": [
                    {
                        "name": "date_key",
                        "type": "String"
                    },
                    {
                        "name": "date",
                        "type": "String"
                    },
                    {
                        "name": "year",
                        "type": "String"
                    },
                    {
                        "name": "month",
                        "type": "String"
                    },
                    {
                        "name": "day",
                        "type": "String"
                    },
                    {
                        "name": "day_name",
                        "type": "String"
                    },
                    {
                        "name": "day_of_year",
                        "type": "String"
                    },
                    {
                        "name": "week_of_month",
                        "type": "String"
                    },
                    {
                        "name": "week_of_year",
                        "type": "String"
                    },
                    {
                        "name": "month_name",
                        "type": "String"
                    },
                    {
                        "name": "year_month",
                        "type": "String"
                    },
                    {
                        "name": "year_week",
                        "type": "String"
                    }
                ]
            },
            "dependsOn": [
                "[concat(variables('factoryId'), '/linkedServices/ls_adls_covidreportingdlsa18')]"
            ]
        },
        {
            "name": "[concat(parameters('factoryName'), '/ds_processed_hospital_admissions')]",
            "type": "Microsoft.DataFactory/factories/datasets",
            "apiVersion": "2018-06-01",
            "properties": {
                "linkedServiceName": {
                    "referenceName": "ls_adls_covidreportingdlsa18",
                    "type": "LinkedServiceReference"
                },
                "annotations": [],
                "type": "DelimitedText",
                "typeProperties": {
                    "location": {
                        "type": "AzureBlobFSLocation",
                        "folderPath": "ecdc/hospital_admissions_weekly",
                        "fileSystem": "processed"
                    },
                    "columnDelimiter": ",",
                    "escapeChar": "\\",
                    "firstRowAsHeader": true,
                    "quoteChar": "\""
                },
                "schema": []
            },
            "dependsOn": [
                "[concat(variables('factoryId'), '/linkedServices/ls_adls_covidreportingdlsa18')]"
            ]
        },
        {
            "name": "[concat(parameters('factoryName'), '/ls_azure_sql_cases_deaths')]",
            "type": "Microsoft.DataFactory/factories/datasets",
            "apiVersion": "2018-06-01",
            "properties": {
                "linkedServiceName": {
                    "referenceName": "ls_azure_sql_covid_db",
                    "type": "LinkedServiceReference"
                },
                "annotations": [],
                "type": "AzureSqlTable",
                "schema": [
                    {
                        "name": "country",
                        "type": "varchar"
                    },
                    {
                        "name": "country_code_2_digit",
                        "type": "varchar"
                    },
                    {
                        "name": "country_code_3_digit",
                        "type": "varchar"
                    },
                    {
                        "name": "population",
                        "type": "bigint",
                        "precision": 19
                    },
                    {
                        "name": "cases_count",
                        "type": "bigint",
                        "precision": 19
                    },
                    {
                        "name": "deaths_count",
                        "type": "bigint",
                        "precision": 19
                    },
                    {
                        "name": "reported_date",
                        "type": "date"
                    },
                    {
                        "name": "source",
                        "type": "varchar"
                    }
                ],
                "typeProperties": {
                    "schema": "covid_reporting",
                    "table": "cases_and_deaths"
                }
            },
            "dependsOn": [
                "[concat(variables('factoryId'), '/linkedServices/ls_azure_sql_covid_db')]"
            ]
        },
        {
            "name": "[concat(parameters('factoryName'), '/df_transform_cases_deaths')]",
            "type": "Microsoft.DataFactory/factories/dataflows",
            "apiVersion": "2018-06-01",
            "properties": {
                "type": "MappingDataFlow",
                "typeProperties": {
                    "sources": [
                        {
                            "dataset": {
                                "referenceName": "ds_raw_cases_and_deaths",
                                "type": "DatasetReference"
                            },
                            "name": "casesanddeathsource"
                        },
                        {
                            "dataset": {
                                "referenceName": "ds_country_lookup",
                                "type": "DatasetReference"
                            },
                            "name": "CountryLookup"
                        }
                    ],
                    "sinks": [
                        {
                            "dataset": {
                                "referenceName": "ds_processed_cases_and_deaths",
                                "type": "DatasetReference"
                            },
                            "name": "CaseAndDeathsSink"
                        }
                    ],
                    "transformations": [
                        {
                            "name": "FilterEuropeOnly"
                        },
                        {
                            "name": "SelectOnlyRequiredFields"
                        },
                        {
                            "name": "PivotCounts"
                        },
                        {
                            "name": "LookupCountry"
                        },
                        {
                            "name": "SelectForSink"
                        }
                    ],
                    "script": "source(output(\n\t\tcountry as string,\n\t\tcountry_code as string,\n\t\tcontinent as string,\n\t\tpopulation as integer,\n\t\tindicator as string,\n\t\tdaily_count as integer,\n\t\tdate as date,\n\t\trate_14_day as double,\n\t\tsource as string\n\t),\n\tallowSchemaDrift: true,\n\tvalidateSchema: false,\n\tignoreNoFilesFound: false) ~> casesanddeathsource\nsource(output(\n\t\tcountry as string,\n\t\tcountry_code_2_digit as string,\n\t\tcountry_code_3_digit as string,\n\t\tcontinent as string,\n\t\tpopulation as integer\n\t),\n\tallowSchemaDrift: true,\n\tvalidateSchema: false,\n\tignoreNoFilesFound: false) ~> CountryLookup\ncasesanddeathsource filter(continent=='Europe' && not(isNull(country_code))) ~> FilterEuropeOnly\nFilterEuropeOnly select(mapColumn(\n\t\tcountry,\n\t\tcountry_code,\n\t\tpopulation,\n\t\tindicator,\n\t\tdaily_count,\n\t\tsource,\n\t\teach(match(name=='date'),\n\t\t\t'reported'+'_date' = $$)\n\t),\n\tskipDuplicateMapInputs: false,\n\tskipDuplicateMapOutputs: false) ~> SelectOnlyRequiredFields\nSelectOnlyRequiredFields pivot(groupBy(country,\n\t\tcountry_code,\n\t\tpopulation,\n\t\tsource,\n\t\treported_date),\n\tpivotBy(indicator, ['confirmed cases', 'deaths']),\n\tcount = sum(daily_count),\n\tcolumnNaming: '$V_$N',\n\tlateral: true) ~> PivotCounts\nPivotCounts, CountryLookup lookup(PivotCounts@country == CountryLookup@country,\n\tmultiple: false,\n\tpickup: 'any',\n\tbroadcast: 'auto')~> LookupCountry\nLookupCountry select(mapColumn(\n\t\tcountry = PivotCounts@country,\n\t\tcountry_code_2_digit,\n\t\tcountry_code_3_digit,\n\t\tpopulation = PivotCounts@population,\n\t\tcases_count = {confirmed cases_count},\n\t\tdeaths_count,\n\t\treported_date,\n\t\tsource\n\t),\n\tskipDuplicateMapInputs: true,\n\tskipDuplicateMapOutputs: true) ~> SelectForSink\nSelectForSink sink(allowSchemaDrift: true,\n\tvalidateSchema: false,\n\ttruncate: true,\n\tumask: 0022,\n\tpreCommands: [],\n\tpostCommands: [],\n\tskipDuplicateMapInputs: true,\n\tskipDuplicateMapOutputs: true) ~> CaseAndDeathsSink"
                }
            },
            "dependsOn": [
                "[concat(variables('factoryId'), '/datasets/ds_raw_cases_and_deaths')]",
                "[concat(variables('factoryId'), '/datasets/ds_country_lookup')]",
                "[concat(variables('factoryId'), '/datasets/ds_processed_cases_and_deaths')]"
            ]
        },
        {
            "name": "[concat(parameters('factoryName'), '/df_transform_hospital_admissions')]",
            "type": "Microsoft.DataFactory/factories/dataflows",
            "apiVersion": "2018-06-01",
            "properties": {
                "type": "MappingDataFlow",
                "typeProperties": {
                    "sources": [
                        {
                            "dataset": {
                                "referenceName": "ds_raw_hospital_admissions",
                                "type": "DatasetReference"
                            },
                            "name": "HospitalAdmissionsSource"
                        },
                        {
                            "dataset": {
                                "referenceName": "ds_country_lookup",
                                "type": "DatasetReference"
                            },
                            "name": "CountryLookup"
                        },
                        {
                            "dataset": {
                                "referenceName": "ds_lookup_dimdate",
                                "type": "DatasetReference"
                            },
                            "name": "DimDateSource"
                        }
                    ],
                    "sinks": [
                        {
                            "dataset": {
                                "referenceName": "ds_processed_hospital_admissions",
                                "type": "DatasetReference"
                            },
                            "name": "sinkWeekly"
                        },
                        {
                            "dataset": {
                                "referenceName": "ds_processed_hospital_admissions_daily",
                                "type": "DatasetReference"
                            },
                            "name": "sinkDaily"
                        }
                    ],
                    "transformations": [
                        {
                            "name": "HospitalAdmissionsSelect"
                        },
                        {
                            "name": "LookupHospitalAdmissions"
                        },
                        {
                            "name": "HospitalAdmissionsSelect1"
                        },
                        {
                            "name": "SplitDailyFromWeekly"
                        },
                        {
                            "name": "DerivedYearWeek"
                        },
                        {
                            "name": "AggDimDate"
                        },
                        {
                            "name": "JoinWithDate"
                        },
                        {
                            "name": "PivotHospitalOccupancyCountWeekly"
                        },
                        {
                            "name": "PivotDaily"
                        },
                        {
                            "name": "SortWeekly"
                        },
                        {
                            "name": "SortDaily"
                        },
                        {
                            "name": "SelectFinalWeekly"
                        },
                        {
                            "name": "SelectFinalDaily"
                        }
                    ],
                    "script": "source(output(\n\t\tcountry as string,\n\t\tindicator as string,\n\t\tdate as date,\n\t\tyear_week as string,\n\t\tvalue as double,\n\t\tsource as string,\n\t\turl as string\n\t),\n\tallowSchemaDrift: true,\n\tvalidateSchema: false,\n\tignoreNoFilesFound: false) ~> HospitalAdmissionsSource\nsource(output(\n\t\tcountry as string,\n\t\tcountry_code_2_digit as string,\n\t\tcountry_code_3_digit as string,\n\t\tcontinent as string,\n\t\tpopulation as integer\n\t),\n\tallowSchemaDrift: true,\n\tvalidateSchema: false,\n\tignoreNoFilesFound: false) ~> CountryLookup\nsource(output(\n\t\tdate_key as string,\n\t\tdate as string,\n\t\tyear as string,\n\t\tmonth as string,\n\t\tday as string,\n\t\tday_name as string,\n\t\tday_of_year as string,\n\t\tweek_of_month as string,\n\t\tweek_of_year as string,\n\t\tmonth_name as string,\n\t\tyear_month as string,\n\t\tyear_week as string\n\t),\n\tallowSchemaDrift: true,\n\tvalidateSchema: false,\n\tignoreNoFilesFound: false) ~> DimDateSource\nHospitalAdmissionsSource select(mapColumn(\n\t\tcountry,\n\t\tindicator,\n\t\treported_date = date,\n\t\treported_year_week = year_week,\n\t\tvalue,\n\t\tsource\n\t),\n\tskipDuplicateMapInputs: true,\n\tskipDuplicateMapOutputs: true) ~> HospitalAdmissionsSelect\nHospitalAdmissionsSelect, CountryLookup lookup(HospitalAdmissionsSelect@country == CountryLookup@country,\n\tmultiple: false,\n\tpickup: 'any',\n\tbroadcast: 'auto')~> LookupHospitalAdmissions\nLookupHospitalAdmissions select(mapColumn(\n\t\tcountry = HospitalAdmissionsSelect@country,\n\t\tindicator,\n\t\treported_date,\n\t\treported_year_week,\n\t\tvalue,\n\t\tsource,\n\t\tcountry = CountryLookup@country,\n\t\tcountry_code_2_digit,\n\t\tcountry_code_3_digit,\n\t\tpopulation\n\t),\n\tskipDuplicateMapInputs: true,\n\tskipDuplicateMapOutputs: true) ~> HospitalAdmissionsSelect1\nHospitalAdmissionsSelect1 split(indicator == 'Weekly new hospital admissions per 100k' || indicator == 'Weekly new ICU admissions per 100k',\n\tdisjoint: false) ~> SplitDailyFromWeekly@(Weekly, Daily)\nDimDateSource derive(ecdc_year_week = year + '-W' + lpad(week_of_year, 2, '0')) ~> DerivedYearWeek\nDerivedYearWeek aggregate(groupBy(ecdc_year_week),\n\tweek_start_date = min(date),\n\t\tweek_end_date = max(date)) ~> AggDimDate\nSplitDailyFromWeekly@Weekly, AggDimDate join(reported_year_week == ecdc_year_week,\n\tjoinType:'inner',\n\tbroadcast: 'auto')~> JoinWithDate\nJoinWithDate pivot(groupBy(country,\n\t\tcountry_code_2_digit,\n\t\tcountry_code_3_digit,\n\t\tpopulation,\n\t\treported_year_week,\n\t\tweek_start_date,\n\t\tweek_end_date,\n\t\tsource),\n\tpivotBy(indicator, ['Weekly new hospital admissions per 100k', 'Weekly new ICU admissions per 100k']),\n\tcount = sum(value),\n\tcolumnNaming: '$V_$N',\n\tlateral: true) ~> PivotHospitalOccupancyCountWeekly\nSplitDailyFromWeekly@Daily pivot(groupBy(country,\n\t\tcountry_code_2_digit,\n\t\tcountry_code_3_digit,\n\t\tpopulation,\n\t\treported_date,\n\t\tsource),\n\tpivotBy(indicator, ['Daily hospital occupancy', 'Daily ICU occupancy']),\n\tcount = sum(value),\n\tcolumnNaming: '$V_$N',\n\tlateral: true) ~> PivotDaily\nPivotHospitalOccupancyCountWeekly sort(asc(country, true),\n\tdesc(reported_year_week, true)) ~> SortWeekly\nPivotDaily sort(desc(reported_date, true),\n\tasc(country, true)) ~> SortDaily\nSortWeekly select(mapColumn(\n\t\tcountry,\n\t\tcountry_code_2_digit,\n\t\tcountry_code_3_digit,\n\t\tpopulation,\n\t\treported_year_week,\n\t\treported_week_start_date = week_start_date,\n\t\treported_week_end_date = week_end_date,\n\t\tnew_hospital_occupancy_count = {Weekly new hospital admissions per 100k_count},\n\t\tnew_icu_occupancy_count = {Weekly new ICU admissions per 100k_count},\n\t\tsource\n\t),\n\tskipDuplicateMapInputs: true,\n\tskipDuplicateMapOutputs: true) ~> SelectFinalWeekly\nSortDaily select(mapColumn(\n\t\tcountry,\n\t\tcountry_code_2_digit,\n\t\tcountry_code_3_digit,\n\t\tpopulation,\n\t\treported_date,\n\t\thospital_occupancy_count = {Daily hospital occupancy_count},\n\t\ticu_occupancy_count = {Daily ICU occupancy_count},\n\t\tsource\n\t),\n\tskipDuplicateMapInputs: true,\n\tskipDuplicateMapOutputs: true) ~> SelectFinalDaily\nSelectFinalWeekly sink(allowSchemaDrift: true,\n\tvalidateSchema: false,\n\ttruncate: true,\n\tumask: 0022,\n\tpreCommands: [],\n\tpostCommands: [],\n\tskipDuplicateMapInputs: true,\n\tskipDuplicateMapOutputs: true) ~> sinkWeekly\nSelectFinalDaily sink(allowSchemaDrift: true,\n\tvalidateSchema: false,\n\ttruncate: true,\n\tumask: 0022,\n\tpreCommands: [],\n\tpostCommands: [],\n\tskipDuplicateMapInputs: true,\n\tskipDuplicateMapOutputs: true) ~> sinkDaily"
                }
            },
            "dependsOn": [
                "[concat(variables('factoryId'), '/datasets/ds_raw_hospital_admissions')]",
                "[concat(variables('factoryId'), '/datasets/ds_country_lookup')]",
                "[concat(variables('factoryId'), '/datasets/ds_lookup_dimdate')]",
                "[concat(variables('factoryId'), '/datasets/ds_processed_hospital_admissions')]",
                "[concat(variables('factoryId'), '/datasets/ds_processed_hospital_admissions_daily')]"
            ]
        }
    ]
}